1010A,1010B,1010C,1010D
1010E,1010F,1010G,1010H
1010V,1010E,1010J,1010U
1010X,1011B,1011S,1010P
1010T,1011D,1010F,1010R
1011D,1010P,1010B,1011S
1010G,1011L,1011A,1010B
1010A,1010B,1010C,1010D
1010E,1010F,1010G,1010H
1010V,1010E,1010J,1010U
1010X,1011B,1011S,1010P
1010X,1011B,1011S,1010P
1010T,1011D,1010F,1010R
1011D,1010P,1010B,1011S
1010G,1011L,1011A,1010B
1010E,1010F,1010G,1010H
1010V,1010E,1010J,1010U
1010A,1010B,1010C,1010D
1010E,1010F,1010G,1010H
1010V,1010E,1010J,1010U
1010V,1010E,1010J,1010U
1010A,1010B,1010C,1010D
1010T,1011D,1010F,1010R
1011D,1010P,1010B,1011S
1010G,1011L,1011A,1010B
1010E,1010F,1010G,1010H
1010E,1010F,1010G,1010H
1010V,1010E,1010J,1010U
1010E,1010F,1010G,1010H
1010V,1010E,1010J,1010U
1010V,1010E,1010J,1010U
