2021-03-13 20:44:15.735037,2021-03-13 20:44:17.975578,0:00:02.240541,0:00:02.240541
2021-03-13 20:44:21.543820,2021-03-13 20:44:53.417480,0:00:31.873660,0:00:34.114201
2021-03-13 20:44:54.808249,2021-03-13 21:54:49.052866,1:09:54.244617,1:10:28.358818
2021-03-13 21:54:51.763329,2021-03-13 21:57:06.655061,0:02:14.891732,1:12:43.250550
2021-03-14 15:03:41.008341,2021-03-14 15:56:45.988082,0:53:04.979741,2:05:48.230291
2021-03-14 15:56:49.909644,2021-03-15 00:07:41.566691,8:10:51.657047,10:16:39.887338
2021-03-15 00:07:43.343305,2021-03-15 01:30:26.305704,1:22:42.962399,11:39:22.849737
2021-03-15 11:08:37.607179,2021-03-15 12:25:51.259148,1:17:13.651969,12:56:36.501706
2021-03-15 21:51:03.579136,2021-03-16 01:05:40.116256,3:14:36.537120,16:11:13.038826
2021-03-16 01:05:40.815405,2021-03-16 01:08:00.563664,0:02:19.748259,16:13:32.787085
2021-03-16 16:59:08.357370,2021-03-16 16:59:08.358370,0:00:00.001000,16:13:32.788085
2021-03-16 16:59:08.357370,2021-03-16 17:05:42.525630,0:06:34.168260,16:20:06.956345
2021-03-16 17:05:42.539643,2021-03-16 17:43:46.341404,0:38:03.801761,16:58:10.758106
2021-03-17 13:34:21.278761,2021-03-17 13:44:08.033667,0:09:46.754906,17:07:57.513012
2021-03-17 13:44:08.658234,2021-03-17 13:56:04.943127,0:11:56.284893,17:19:53.797905
2021-03-17 20:26:50.303779,2021-03-17 20:34:42.455797,0:07:52.152018,17:27:45.949923
2021-03-17 20:34:47.785158,2021-03-17 20:37:51.054699,0:03:03.269541,17:30:49.219464
2021-03-17 20:37:51.070742,2021-03-17 20:48:23.042618,0:10:31.971876,17:41:21.191340
2021-03-17 20:48:28.955185,2021-03-17 20:48:54.476266,0:00:25.521081,17:41:46.712421
2021-03-17 20:51:00.205515,2021-03-17 20:51:17.130999,0:00:16.925484,17:42:03.637905
2021-03-17 20:51:22.889230,2021-03-17 20:51:24.648828,0:00:01.759598,17:42:05.397503
2021-03-17 20:51:22.889230,2021-03-17 20:54:08.327085,0:02:45.437855,17:44:50.835358
2021-03-17 20:54:41.613324,2021-03-17 20:54:46.720710,0:00:05.107386,17:44:55.942744
2021-03-17 20:55:47.262505,2021-03-17 22:16:18.165602,1:20:30.903097,19:05:26.845841
2021-03-17 22:16:21.446852,2021-03-17 22:16:34.899960,0:00:13.453108,19:05:40.298949
2021-03-17 22:16:39.368710,2021-03-17 22:21:49.806218,0:05:10.437508,19:10:50.736457
2021-03-17 22:22:09.587473,2021-03-17 22:22:12.978092,0:00:03.390619,19:10:54.127076
2021-03-17 22:35:37.353092,2021-03-17 23:00:48.337468,0:25:10.984376,19:36:05.111452
2021-03-17 23:01:15.415592,2021-03-17 23:01:54.712467,0:00:39.296875,19:36:44.408327
2021-03-17 23:02:58.478095,2021-03-17 23:44:54.103093,0:41:55.624998,20:18:40.033325
2021-03-18 11:03:56.471285,2021-03-18 11:19:42.002535,0:15:45.531250,20:34:25.564575
2021-03-18 11:23:59.705661,2021-03-18 11:35:43.127539,0:11:43.421878,20:46:08.986453
2021-03-18 21:10:45.309448,2021-03-18 22:13:36.247835,1:02:50.938387,21:48:59.924840
2021-03-19 12:51:48.070712,2021-03-19 12:51:58.101963,0:00:10.031251,21:49:09.956091
2021-03-19 12:52:01.961337,2021-03-19 16:41:29.328417,3:49:27.367080,"1 day, 1:38:37.323171"
2021-03-19 16:41:30.515917,2021-03-19 21:35:12.015917,4:53:41.500000,"1 day, 6:32:18.823171"
2021-03-30 15:05:51.141543,2021-03-30 15:37:02.561379,0:31:11.419836,"1 day, 7:03:30.243007"
2021-03-30 15:53:55.188100,2021-03-30 20:55:38.493557,5:01:43.305457,"1 day, 12:05:13.548464"
2021-03-31 14:16:02.650898,2021-03-31 14:19:25.636593,0:03:22.985695,"1 day, 12:08:36.534159"
2021-03-31 14:33:13.813851,2021-03-31 19:18:02.055511,4:44:48.241660,"1 day, 16:53:24.775819"
2021-03-31 19:19:09.229347,2021-03-31 21:47:39.003975,2:28:29.774628,"1 day, 19:21:54.550447"
2021-04-01 10:41:38.562561,2021-04-01 13:22:14.782305,2:40:36.219744,"1 day, 22:02:30.770191"
2021-04-01 21:11:10.153711,2021-04-01 21:15:39.566051,0:04:29.412340,"1 day, 22:07:00.182531"
2021-04-01 21:15:45.269638,2021-04-01 23:24:20.431962,2:08:35.162324,"2 days, 0:15:35.344855"
2021-04-01 23:24:46.729595,2021-04-02 02:20:05.832745,2:55:19.103150,"2 days, 3:10:54.448005"
2021-04-02 18:42:28.360465,2021-04-02 19:34:39.213355,0:52:10.852890,"2 days, 4:03:05.300895"
2021-04-02 19:34:39.228983,2021-04-03 00:06:41.013515,4:32:01.784532,"2 days, 8:35:07.085427"
2021-04-03 12:58:50.073842,2021-04-03 12:58:58.886458,0:00:08.812616,"2 days, 8:35:15.898043"
2021-04-03 12:58:58.886458,2021-04-03 16:10:35.692628,3:11:36.806170,"2 days, 11:46:52.704213"
2021-04-03 20:11:23.318518,2021-04-03 20:16:56.171688,0:05:32.853170,"2 days, 11:52:25.557383"
2021-04-03 20:11:23.318518,2021-04-03 20:16:56.171688,0:05:32.853170,"2 days, 11:52:25.557383"
2021-04-03 20:16:56.249817,2021-04-03 20:44:31.146937,0:27:34.897120,"2 days, 12:20:00.454503"
2021-04-05 16:19:44.994785,2021-04-05 16:19:47.526213,0:00:02.531428,"2 days, 12:20:02.985931"
2021-04-05 16:35:09.132693,2021-04-05 16:37:17.919485,0:02:08.786792,"2 days, 12:22:11.772723"
2021-04-05 19:39:27.463071,2021-04-05 20:52:23.923579,1:12:56.460508,"2 days, 13:35:08.233231"
2021-04-05 20:52:23.986083,2021-04-05 20:57:32.754917,0:05:08.768834,"2 days, 13:40:17.002065"
2021-04-05 20:57:34.833063,2021-04-05 21:47:24.784600,0:49:49.951537,"2 days, 14:30:06.953602"
2021-04-05 21:47:24.815852,2021-04-05 21:53:52.116138,0:06:27.300286,"2 days, 14:36:34.253888"
2021-04-05 21:53:52.131761,2021-04-05 21:54:14.178865,0:00:22.047104,"2 days, 14:36:56.300992"
2021-04-05 21:54:14.210114,2021-04-05 21:59:01.947042,0:04:47.736928,"2 days, 14:41:44.037920"
2021-04-05 21:59:01.978295,2021-04-05 22:14:38.892881,0:15:36.914586,"2 days, 14:57:20.952506"
2021-04-05 23:33:26.008338,2021-04-06 01:58:21.212637,2:24:55.204299,"2 days, 17:22:16.156805"
2021-04-06 17:56:24.639643,2021-04-06 22:30:25.711008,4:34:01.071365,"2 days, 21:56:17.228170"
2021-04-07 11:40:32.942025,2021-04-07 13:21:52.860086,1:41:19.918061,"2 days, 23:37:37.146231"
2021-04-07 15:17:55.370580,2021-04-07 16:48:01.122472,1:30:05.751892,"3 days, 1:07:42.898123"
2021-04-07 16:50:13.703103,2021-04-07 16:50:15.703140,0:00:02.000037,"3 days, 1:07:44.898160"
2021-04-07 19:00:53.396730,2021-04-07 19:02:44.757236,0:01:51.360506,"3 days, 1:09:36.258666"
2021-04-07 19:02:44.819737,2021-04-07 19:43:27.747974,0:40:42.928237,"3 days, 1:50:19.186903"
2021-04-07 20:41:39.027030,2021-04-07 20:42:05.230366,0:00:26.203336,"3 days, 1:50:45.390239"
2021-04-07 20:42:05.339741,2021-04-07 20:45:06.591017,0:03:01.251276,"3 days, 1:53:46.641515"
2021-04-07 20:45:06.544141,2021-04-07 23:43:42.867021,2:58:36.322880,"3 days, 4:52:22.964395"
2021-04-07 23:43:52.195569,2021-04-07 23:44:24.525161,0:00:32.329592,"3 days, 4:52:55.293987"
2021-04-08 10:54:59.692325,2021-04-08 14:04:29.890183,3:09:30.197858,"3 days, 8:02:25.491845"
2021-04-08 19:54:35.470650,2021-04-08 22:43:46.193052,2:49:10.722402,"3 days, 10:51:36.214247"
2021-04-09 19:30:41.137693,2021-04-10 01:13:31.275217,5:42:50.137524,"3 days, 16:34:26.351771"
2021-04-10 13:02:14.760294,2021-04-10 13:38:11.931140,0:35:57.170846,"3 days, 17:10:23.522617"
2021-04-10 13:38:15.181165,2021-04-10 13:38:26.556238,0:00:11.375073,"3 days, 17:10:34.897690"
2021-04-10 14:12:22.603584,2021-04-10 23:22:10.830215,9:09:48.226631,"4 days, 2:20:23.124321"
2021-04-11 14:45:35.194173,2021-04-11 22:16:42.223817,7:31:07.029644,"4 days, 9:51:30.153965"
2021-04-12 12:21:48.461708,2021-04-12 21:11:34.157811,8:49:45.696103,"4 days, 18:41:15.850068"
2021-04-13 10:31:41.372718,2021-04-13 12:43:41.716007,2:12:00.343289,"4 days, 20:53:16.193357"
2021-04-13 16:12:55.125020,2021-04-13 21:52:50.621597,5:39:55.496577,"5 days, 2:33:11.689934"
2021-04-13 21:52:50.637223,2021-04-13 22:02:26.266824,0:09:35.629601,"5 days, 2:42:47.319535"
2021-04-14 12:30:55.940927,2021-04-14 12:31:07.847400,0:00:11.906473,"5 days, 2:42:59.226008"
2021-04-14 12:31:08.581788,2021-04-14 15:07:24.686132,2:36:16.104344,"5 days, 5:19:15.330352"
2021-04-14 12:31:08.581788,2021-04-14 21:19:59.078753,8:48:50.496965,"5 days, 14:08:05.827317"
2021-04-14 21:20:00.141272,2021-04-14 21:33:43.812953,0:13:43.671681,"5 days, 14:21:49.498998"
2021-04-14 21:33:43.844205,2021-04-14 22:08:10.567699,0:34:26.723494,"5 days, 14:56:16.222492"
2021-04-15 10:28:47.560635,2021-04-15 10:30:14.436345,0:01:26.875710,"5 days, 14:57:43.098202"
2021-04-15 10:30:19.764511,2021-04-15 17:59:38.921264,7:29:19.156753,"5 days, 22:27:02.254955"
2021-04-15 17:59:39.561896,2021-04-15 22:15:02.934792,4:15:23.372896,"6 days, 2:42:25.627851"
2021-04-16 20:17:32.038938,2021-04-16 21:19:24.940170,1:01:52.901232,"6 days, 3:44:18.529083"
2021-04-16 21:19:24.971418,2021-04-16 21:23:23.583345,0:03:58.611927,"6 days, 3:48:17.141010"
2021-04-16 21:23:24.255228,2021-04-17 02:52:52.148604,5:29:27.893376,"6 days, 9:17:45.034386"
2021-04-17 11:29:50.573647,2021-04-17 11:29:52.745625,0:00:02.171978,"6 days, 9:17:47.206364"
2021-04-17 18:18:59.017622,2021-04-17 18:45:43.372098,0:26:44.354476,"6 days, 9:44:31.560840"
2021-04-17 19:01:37.435286,2021-04-17 20:06:06.075439,1:04:28.640153,"6 days, 10:49:00.200993"
2021-04-17 20:06:24.576292,2021-04-17 21:04:16.313740,0:57:51.737448,"6 days, 11:46:51.938441"
2021-04-17 21:04:16.251238,2021-04-17 22:26:06.199425,1:21:49.948187,"6 days, 13:08:41.886628"
2021-04-17 22:26:06.918186,2021-04-17 22:26:08.918224,0:00:02.000038,"6 days, 13:08:43.886666"
2021-04-18 17:36:45.876547,2021-04-18 22:38:03.525547,5:01:17.649000,"6 days, 18:10:01.535666"
2021-04-18 17:36:45.876547,2021-04-20 16:13:15.848933,"1 day, 22:36:29.972386","8 days, 16:46:31.508052"
2021-04-20 16:13:25.161430,2021-04-20 19:17:29.128317,3:04:03.966887,"8 days, 19:50:35.474939"
2021-04-20 19:34:17.081445,2021-04-20 19:38:37.065817,0:04:19.984372,"8 days, 19:54:55.459311"
2021-04-20 20:01:15.884117,2021-04-20 22:01:33.844291,2:00:17.960174,"8 days, 21:55:13.419485"
2021-04-20 22:01:33.875542,2021-04-20 23:23:42.094290,1:22:08.218748,"8 days, 23:17:21.638233"
2021-04-21 11:59:00.080470,2021-04-21 21:05:10.924220,9:06:10.843750,"9 days, 8:23:32.481983"
2021-04-21 21:05:10.955472,2021-04-21 21:15:45.064845,0:10:34.109373,"9 days, 8:34:06.591356"
2021-04-22 13:11:39.429543,2021-04-22 21:40:32.163918,8:28:52.734375,"9 days, 17:02:59.325731"
2021-04-23 10:37:58.596455,2021-04-23 10:39:08.306667,0:01:09.710212,"9 days, 17:04:09.035943"
2021-04-23 10:39:16.723586,2021-04-23 11:08:04.509387,0:28:47.785801,"9 days, 17:32:56.821744"
2021-04-23 11:08:04.556262,2021-04-23 14:47:16.571887,3:39:12.015625,"9 days, 21:12:08.837369"
2021-04-23 20:22:08.087511,2021-04-23 20:22:28.353137,0:00:20.265626,"9 days, 21:12:29.102995"
2021-04-23 20:22:29.743767,2021-04-23 20:32:07.821887,0:09:38.078120,"9 days, 21:22:07.181115"
2021-04-23 20:32:17.821888,2021-04-23 23:52:16.368768,3:19:58.546880,"10 days, 0:42:05.727995"
2021-04-23 20:32:17.821888,2021-04-24 18:49:20.572827,22:17:02.750939,"10 days, 22:59:08.478934"
2021-04-23 20:32:17.821888,2021-04-24 18:49:20.604076,22:17:02.782188,"10 days, 22:59:08.510183"
2021-04-24 18:49:20.838450,2021-04-24 18:58:21.338450,0:09:00.500000,"10 days, 23:08:09.010183"
2021-04-24 18:58:21.400955,2021-04-24 22:03:01.510325,3:04:40.109370,"11 days, 2:12:49.119553"
2021-04-24 22:03:01.557207,2021-04-24 22:03:05.791575,0:00:04.234368,"11 days, 2:12:53.353921"
2021-04-24 22:03:05.869700,2021-04-24 22:04:09.322825,0:01:03.453125,"11 days, 2:13:56.807046"
2021-04-24 22:16:38.182200,2021-04-24 23:44:57.213450,1:28:19.031250,"11 days, 3:42:15.838296"
2021-04-25 09:11:30.491391,2021-04-25 19:58:39.100994,10:47:08.609603,"11 days, 14:29:24.447899"
2021-04-25 19:58:39.225994,2021-04-25 21:20:42.491619,1:22:03.265625,"11 days, 15:51:27.713524"
2021-04-27 10:18:52.045678,2021-04-27 10:54:41.904986,0:35:49.859308,"11 days, 16:27:17.572832"
2021-04-27 11:11:27.248738,2021-04-27 11:59:00.983111,0:47:33.734373,"11 days, 17:14:51.307205"
2021-04-27 14:14:08.061236,2021-04-27 19:08:48.717486,4:54:40.656250,"11 days, 22:09:31.963455"
2021-04-27 21:04:36.264361,2021-04-27 22:01:36.217486,0:56:59.953125,"11 days, 23:06:31.916580"
2021-04-27 22:01:36.248742,2021-04-27 22:08:49.889360,0:07:13.640618,"11 days, 23:13:45.557198"
2021-04-27 22:08:54.373736,2021-04-27 22:10:28.951861,0:01:34.578125,"11 days, 23:15:20.135323"
2021-04-28 18:20:09.349027,2021-04-28 22:39:39.099024,4:19:29.749997,"12 days, 3:34:49.885320"
2021-04-29 12:09:08.890031,2021-04-29 13:14:20.233781,1:05:11.343750,"12 days, 4:40:01.229070"
2021-04-29 13:54:04.640030,2021-04-29 19:34:02.624405,5:39:57.984375,"12 days, 10:19:59.213445"
2021-04-29 19:36:22.311905,2021-04-29 19:56:41.390032,0:20:19.078127,"12 days, 10:40:18.291572"
2021-04-29 19:56:41.405657,2021-04-29 21:20:42.061905,1:24:00.656248,"12 days, 12:04:18.947820"
2021-04-29 21:20:44.749405,2021-04-29 21:52:20.343156,0:31:35.593751,"12 days, 12:35:54.541571"
2021-04-29 21:52:21.202535,2021-04-29 22:28:41.468156,0:36:20.265621,"12 days, 13:12:14.807192"
2021-04-30 12:07:48.902677,2021-04-30 15:45:17.450324,3:37:28.547647,"12 days, 16:49:43.354839"
2021-05-01 13:46:00.635561,2021-05-01 15:20:36.525981,1:34:35.890420,"12 days, 18:24:19.245259"
2021-05-01 16:23:44.885352,2021-05-01 18:03:16.229101,1:39:31.343749,"12 days, 20:03:50.589008"
2021-05-01 18:19:30.838477,2021-05-01 19:00:14.041601,0:40:43.203124,"12 days, 20:44:33.792132"
2021-05-01 21:14:36.525975,2021-05-02 00:47:02.900976,3:32:26.375001,"13 days, 0:17:00.167133"
2021-05-02 11:11:10.961488,2021-05-02 12:41:02.102113,1:29:51.140625,"13 days, 1:46:51.307758"
2021-05-02 17:32:21.268738,2021-05-02 21:52:07.221428,4:19:45.952690,"13 days, 6:06:37.260448"
2021-05-03 15:37:48.201378,2021-05-03 15:38:02.232629,0:00:14.031251,"13 days, 6:06:51.291699"
2021-05-03 15:38:03.529504,2021-05-03 16:40:32.842005,1:02:29.312501,"13 days, 7:09:20.604200"
2021-05-03 17:55:55.248254,2021-05-03 17:55:58.201378,0:00:02.953124,"13 days, 7:09:23.557324"
2021-05-03 17:55:58.217007,2021-05-03 18:56:17.873254,1:00:19.656247,"13 days, 8:09:43.213571"
2021-05-04 11:10:24.832359,2021-05-04 14:10:29.426110,3:00:04.593751,"13 days, 11:09:47.807322"
2021-05-04 15:29:45.254234,2021-05-04 15:45:57.441735,0:16:12.187501,"13 days, 11:25:59.994823"
2021-05-04 15:45:57.472985,2021-05-04 17:15:10.285484,1:29:12.812499,"13 days, 12:55:12.807322"
2021-05-04 18:46:38.582360,2021-05-04 21:30:53.957359,2:44:15.374999,"13 days, 15:39:28.182321"
2021-05-05 15:06:58.570623,2021-05-05 16:19:32.430000,1:12:33.859377,"13 days, 16:52:02.041698"
2021-05-05 19:39:45.273748,2021-05-05 22:52:10.664373,3:12:25.390625,"13 days, 20:04:27.432323"
2021-05-06 16:13:01.791517,2021-05-06 16:14:33.650895,0:01:31.859378,"13 days, 20:05:59.291701"
2021-05-06 16:43:46.447768,2021-05-06 17:04:27.260267,0:20:40.812499,"13 days, 20:26:40.104200"
2021-05-06 17:21:09.369643,2021-05-06 18:17:04.650893,0:55:55.281250,"13 days, 21:22:35.385450"
2021-05-06 19:34:16.541519,2021-05-07 00:49:05.003806,5:14:48.462287,"14 days, 2:37:23.847737"
2021-05-07 14:35:52.747179,2021-05-07 15:10:01.169054,0:34:08.421875,"14 days, 3:11:32.269612"
2021-05-07 19:43:58.215930,2021-05-07 22:41:25.075304,2:57:26.859374,"14 days, 6:08:59.128986"
2021-05-07 23:34:00.528430,2021-05-08 00:21:36.784839,0:47:36.256409,"14 days, 6:56:35.385395"
2021-05-08 15:19:29.413598,2021-05-08 18:22:42.569848,3:03:13.156250,"14 days, 9:59:48.541645"
2021-05-08 20:37:03.663600,2021-05-08 22:12:23.772974,1:35:20.109374,"14 days, 11:35:08.651019"
2021-05-08 22:12:23.741727,2021-05-08 22:15:54.819847,0:03:31.078120,"14 days, 11:38:39.729139"
2021-05-08 22:15:54.866723,2021-05-08 23:59:58.585475,1:44:03.718752,"14 days, 13:22:43.447891"
2021-05-09 11:14:43.959849,2021-05-09 12:00:32.116101,0:45:48.156252,"14 days, 14:08:31.604143"
2021-05-09 13:55:13.131724,2021-05-09 14:13:22.444224,0:18:09.312500,"14 days, 14:26:40.916643"
2021-05-09 14:26:22.256724,2021-05-09 15:51:54.944224,1:25:32.687500,"14 days, 15:52:13.604143"
2021-05-09 18:27:37.647349,2021-05-09 19:55:54.491102,1:28:16.843753,"14 days, 17:20:30.447896"
2021-05-09 20:36:30.178600,2021-05-09 21:07:23.006724,0:30:52.828124,"14 days, 17:51:23.276020"
2021-05-09 21:57:58.225474,2021-05-09 22:10:39.194224,0:12:40.968750,"14 days, 18:04:04.244770"
2021-05-10 15:27:51.963487,2021-05-10 15:37:49.244737,0:09:57.281250,"14 days, 18:14:01.526020"
2021-05-10 15:52:26.588488,2021-05-10 16:27:34.244739,0:35:07.656251,"14 days, 18:49:09.182271"
2021-05-10 16:27:34.229112,2021-05-10 22:10:36.275988,5:43:02.046876,"15 days, 0:32:11.229147"
2021-05-11 09:18:27.593550,2021-05-11 09:18:37.593551,0:00:10.000001,"15 days, 0:32:21.229148"
2021-05-11 11:44:23.609176,2021-05-11 14:38:13.062301,2:53:49.453125,"15 days, 3:26:10.682273"
2021-05-11 15:50:23.781051,2021-05-11 20:08:08.593551,4:17:44.812500,"15 days, 7:43:55.494773"
2021-05-11 20:08:25.624801,2021-05-11 22:25:08.499808,2:16:42.875007,"15 days, 10:00:38.369780"
2021-05-12 16:16:46.684413,2021-05-12 16:16:48.981287,0:00:02.296874,"15 days, 10:00:40.666654"
2021-05-12 16:16:49.012539,2021-05-12 16:16:54.121914,0:00:05.109375,"15 days, 10:00:45.776029"
2021-05-12 16:16:54.153163,2021-05-12 16:21:40.325037,0:04:46.171874,"15 days, 10:05:31.947903"
2021-05-12 17:26:25.262538,2021-05-12 19:53:13.356288,2:26:48.093750,"15 days, 12:32:20.041653"
2021-05-12 22:40:38.371913,2021-05-12 22:45:04.043788,0:04:25.671875,"15 days, 12:36:45.713528"
2021-05-13 17:36:12.108528,2021-05-13 18:31:50.530403,0:55:38.421875,"15 days, 13:32:24.135403"
2021-05-13 19:10:23.014778,2021-05-13 20:57:34.624153,1:47:11.609375,"15 days, 15:19:35.744778"
2021-05-13 20:57:34.671028,2021-05-13 23:28:35.671027,2:31:00.999999,"15 days, 17:50:36.744777"
2021-05-14 21:04:29.799575,2021-05-15 01:21:52.940200,4:17:23.140625,"15 days, 22:07:59.885402"
2021-05-15 01:53:34.971451,2021-05-15 01:53:36.674577,0:00:01.703126,"15 days, 22:08:01.588528"
2021-05-15 12:53:49.080134,2021-05-15 12:53:53.720758,0:00:04.640624,"15 days, 22:08:06.229152"
2021-05-15 12:53:53.767633,2021-05-15 13:08:51.455134,0:14:57.687501,"15 days, 22:23:03.916653"
2021-05-15 14:43:24.205135,2021-05-15 20:54:02.642633,6:10:38.437498,"16 days, 4:33:42.354151"
2021-05-15 20:54:02.673885,2021-05-16 00:14:14.330134,3:20:11.656249,"16 days, 7:53:54.010400"
2021-05-16 14:55:13.458857,2021-05-16 22:30:48.849478,7:35:35.390621,"16 days, 15:29:29.401021"
2021-05-17 16:04:07.782956,2021-05-17 16:04:12.048583,0:00:04.265627,"16 days, 15:29:33.666648"
2021-05-18 18:34:57.240241,2021-05-18 22:48:03.240241,4:13:06,"16 days, 19:42:39.666648"
2021-05-19 08:46:10.422391,2021-05-19 08:46:14.469266,0:00:04.046875,"16 days, 19:42:43.713523"
2021-05-19 13:05:18.844265,2021-05-19 13:42:15.016141,0:36:56.171876,"16 days, 20:19:39.885399"
2021-05-19 15:35:04.234891,2021-05-19 16:08:55.078640,0:33:50.843749,"16 days, 20:53:30.729148"
2021-05-19 17:10:45.625519,2021-05-19 17:23:22.516142,0:12:36.890623,"16 days, 21:06:07.619771"
2021-05-19 19:04:10.578641,2021-05-19 22:24:56.531766,3:20:45.953125,"17 days, 0:26:53.572896"
2021-05-20 17:55:22.767326,2021-05-20 18:27:55.907950,0:32:33.140624,"17 days, 0:59:26.713520"
2021-05-20 19:21:37.923576,2021-05-20 19:59:59.736076,0:38:21.812500,"17 days, 1:37:48.526020"
2021-05-20 21:54:09.892328,2021-05-21 00:40:57.626702,2:46:47.734374,"17 days, 4:24:36.260394"
2021-05-21 12:37:37.320381,2021-05-21 14:13:29.211002,1:35:51.890621,"17 days, 6:00:28.151015"
2021-05-21 14:13:29.257882,2021-05-21 14:13:31.804755,0:00:02.546873,"17 days, 6:00:30.697888"
2021-05-21 14:24:35.757879,2021-05-21 15:20:08.163977,0:55:32.406098,"17 days, 6:56:03.103986"
2021-05-21 17:27:13.788976,2021-05-21 18:08:31.960851,0:41:18.171875,"17 days, 7:37:21.275861"
2021-05-21 19:07:43.648351,2021-05-22 00:15:37.960851,5:07:54.312500,"17 days, 12:45:15.588361"
2021-05-22 22:22:26.997363,2021-05-22 22:22:34.950464,0:00:07.953101,"17 days, 12:45:23.541462"
2021-05-22 22:31:46.778655,2021-05-23 00:17:12.262931,1:45:25.484276,"17 days, 14:30:49.025738"
2021-05-23 11:50:32.335317,2021-05-23 12:26:23.194693,0:35:50.859376,"17 days, 15:06:39.885114"
2021-05-23 15:47:42.585317,2021-05-23 23:24:34.288443,7:36:51.703126,"17 days, 22:43:31.588240"
2021-05-24 12:23:53.984779,2021-05-24 16:18:01.219838,3:54:07.235059,"18 days, 2:37:38.823299"
2021-05-24 19:33:43.751088,2021-05-24 21:38:10.172965,2:04:26.421877,"18 days, 4:42:05.245176"
2021-05-25 13:43:38.121132,2021-05-25 14:33:09.324256,0:49:31.203124,"18 days, 5:31:36.448300"
2021-05-25 17:04:28.449256,2021-05-25 17:25:02.230507,0:20:33.781251,"18 days, 5:52:10.229551"
2021-05-25 18:16:41.433632,2021-05-25 19:31:16.261756,1:14:34.828124,"18 days, 7:06:45.057675"
2021-05-25 19:35:34.136756,2021-05-25 20:47:37.027381,1:12:02.890625,"18 days, 8:18:47.948300"
2021-05-25 21:31:52.777381,2021-05-25 22:18:12.980506,0:46:20.203125,"18 days, 9:05:08.151425"
2021-05-26 09:02:49.623012,2021-05-26 09:02:59.951138,0:00:10.328126,"18 days, 9:05:18.479551"
2021-05-26 09:24:40.529314,2021-05-26 09:24:42.998068,0:00:02.468754,"18 days, 9:05:20.948305"
2021-05-26 15:06:24.239601,2021-05-26 16:28:28.755226,1:22:04.515625,"18 days, 10:27:25.463930"
2021-05-26 16:28:28.786476,2021-05-26 21:49:34.052101,5:21:05.265625,"18 days, 15:48:30.729555"
2021-05-27 16:01:11.652784,2021-05-27 20:33:42.934033,4:32:31.281249,"18 days, 20:21:02.010804"
2021-05-28 20:35:41.112757,2021-05-28 22:12:28.800252,1:36:47.687495,"18 days, 21:57:49.698299"
2021-05-28 22:12:28.737752,2021-05-28 22:21:21.159626,0:08:52.421874,"18 days, 22:06:42.120173"
2021-05-29 17:41:22.201673,2021-05-29 18:14:36.920422,0:33:14.718749,"18 days, 22:39:56.838922"
2021-05-29 19:37:57.389172,2021-05-29 20:42:52.967299,1:04:55.578127,"18 days, 23:44:52.417049"
2021-05-29 20:42:52.998549,2021-05-30 00:38:32.121407,3:55:39.122858,"19 days, 3:40:31.539907"
2021-05-30 12:35:32.714193,2021-05-30 12:35:38.120442,0:00:05.406249,"19 days, 3:40:36.946156"
2021-05-30 14:06:15.464192,2021-05-30 22:10:35.256522,8:04:19.792330,"19 days, 11:44:56.738486"
2021-05-30 22:10:35.287772,2021-05-30 22:13:14.678397,0:02:39.390625,"19 days, 11:47:36.129111"
2021-05-31 18:20:02.619248,2021-05-31 22:09:08.478623,3:49:05.859375,"19 days, 15:36:41.988486"
2021-06-01 16:36:25.558414,2021-06-01 16:51:51.230292,0:15:25.671878,"19 days, 15:52:07.660364"
2021-06-01 16:55:00.886540,2021-06-01 16:57:55.980289,0:02:55.093749,"19 days, 15:55:02.754113"
2021-06-01 16:57:56.011540,2021-06-01 18:48:17.933414,1:50:21.921874,"19 days, 17:45:24.675987"
2021-06-01 18:48:17.964665,2021-06-01 18:48:30.683417,0:00:12.718752,"19 days, 17:45:37.394739"
2021-06-01 20:46:07.839664,2021-06-01 22:26:24.324039,1:40:16.484375,"19 days, 19:25:53.879114"
2021-06-02 15:45:10.342053,2021-06-02 22:15:58.329544,6:30:47.987491,"20 days, 1:56:41.866605"
2021-06-03 20:49:33.033317,2021-06-03 23:25:27.970816,2:35:54.937499,"20 days, 4:32:36.804104"
2021-06-04 21:30:46.701149,2021-06-04 23:59:09.029274,2:28:22.328125,"20 days, 7:00:59.132229"
2021-06-06 19:23:14.830786,2021-06-06 23:30:08.924537,4:06:54.093751,"20 days, 11:07:53.225980"
2021-06-07 08:39:58.652533,2021-06-07 08:40:02.824407,0:00:04.171874,"20 days, 11:07:57.397854"
2021-06-07 08:43:26.261907,2021-06-07 08:44:42.621282,0:01:16.359375,"20 days, 11:09:13.757229"
2021-06-07 08:51:40.511908,2021-06-07 08:52:31.840032,0:00:51.328124,"20 days, 11:10:05.085353"
2021-06-07 08:53:13.808782,2021-06-07 08:54:30.277533,0:01:16.468751,"20 days, 11:11:21.554104"
2021-06-07 08:54:56.308785,2021-06-07 08:55:40.314866,0:00:44.006081,"20 days, 11:12:05.560185"
2021-06-07 08:54:56.308785,2021-06-07 08:55:40.324407,0:00:44.015622,"20 days, 11:12:05.569726"
2021-06-07 10:24:19.605657,2021-06-07 10:24:24.683783,0:00:05.078126,"20 days, 11:12:10.647852"
2021-06-07 10:25:32.261909,2021-06-07 10:26:55.496284,0:01:23.234375,"20 days, 11:13:33.882227"
2021-06-07 10:28:15.902532,2021-06-07 10:30:40.027533,0:02:24.125001,"20 days, 11:15:58.007228"
2021-06-07 10:31:49.605657,2021-06-07 10:31:51.965033,0:00:02.359376,"20 days, 11:16:00.366604"
2021-06-07 10:32:33.480657,2021-06-07 10:32:38.840032,0:00:05.359375,"20 days, 11:16:05.725979"
2021-06-07 10:33:49.636907,2021-06-07 10:34:44.433782,0:00:54.796875,"20 days, 11:17:00.522854"
2021-06-07 10:35:28.793159,2021-06-07 10:35:39.652533,0:00:10.859374,"20 days, 11:17:11.382228"
2021-06-07 10:37:38.683782,2021-06-07 10:38:57.168158,0:01:18.484376,"20 days, 11:18:29.866604"
2021-06-07 10:39:21.058783,2021-06-07 10:42:18.918158,0:02:57.859375,"20 days, 11:21:27.725979"
2021-06-07 10:45:13.808783,2021-06-07 10:45:46.574407,0:00:32.765624,"20 days, 11:22:00.491603"
2021-06-07 10:45:48.480658,2021-06-07 10:46:06.558782,0:00:18.078124,"20 days, 11:22:18.569727"
2021-06-07 13:54:14.061532,2021-06-07 13:54:18.639657,0:00:04.578125,"20 days, 11:22:23.147852"
2021-06-07 15:30:56.233411,2021-06-07 18:28:50.592783,2:57:54.359372,"20 days, 14:20:17.507224"
2021-06-08 10:07:14.423807,2021-06-08 11:31:03.689432,1:23:49.265625,"20 days, 15:44:06.772849"
2021-06-08 17:02:26.455060,2021-06-08 22:50:57.017557,5:48:30.562497,"20 days, 21:32:37.335346"
2021-06-09 16:59:58.149884,2021-06-09 17:44:55.478004,0:44:57.328120,"20 days, 22:17:34.663466"
2021-06-09 18:36:24.196754,2021-06-09 22:49:13.415505,4:12:49.218751,"21 days, 2:30:23.882217"
2021-06-10 20:49:59.225862,2021-06-10 23:03:09.725858,2:13:10.499996,"21 days, 4:43:34.382213"
2021-06-11 11:44:32.210287,2021-06-11 13:53:13.694662,2:08:41.484375,"21 days, 6:52:15.866588"
2021-06-11 20:01:33.616536,2021-06-12 01:19:15.092357,5:17:41.475821,"21 days, 12:09:57.342409"
2021-06-12 15:36:06.640049,2021-06-12 15:36:27.155675,0:00:20.515626,"21 days, 12:10:17.858035"
2021-06-12 21:16:45.905671,2021-06-12 21:17:12.311921,0:00:26.406250,"21 days, 12:10:44.264285"
2021-06-12 21:17:16.202547,2021-06-12 21:19:21.749421,0:02:05.546874,"21 days, 12:12:49.811159"
2021-06-12 21:28:01.249422,2021-06-12 22:34:17.890051,1:06:16.640629,"21 days, 13:19:06.451788"
2021-06-13 16:17:08.905007,2021-06-13 18:59:40.467508,2:42:31.562501,"21 days, 16:01:38.014289"
2021-06-13 20:26:30.014382,2021-06-13 22:37:54.686258,2:11:24.671876,"21 days, 18:13:02.686165"
2021-06-15 15:15:48.397703,2021-06-15 18:45:18.350829,3:29:29.953126,"21 days, 21:42:32.639291"
2021-06-15 18:45:23.569579,2021-06-15 19:39:05.069578,0:53:41.499999,"21 days, 22:36:14.139290"
2021-06-16 14:02:43.882667,2021-06-16 14:02:45.804542,0:00:01.921875,"21 days, 22:36:16.061165"
2021-06-16 19:44:57.788916,2021-06-16 22:42:43.195167,2:57:45.406251,"22 days, 1:34:01.467416"
2021-06-17 14:47:13.793835,2021-06-17 16:11:15.418832,1:24:01.624997,"22 days, 2:58:03.092413"
2021-06-17 16:27:26.356335,2021-06-17 20:10:01.450086,3:42:35.093751,"22 days, 6:40:38.186164"
2021-06-17 20:10:01.496961,2021-06-17 21:21:26.496961,1:11:25,"22 days, 7:52:03.186164"
2021-06-18 17:12:50.348042,2021-06-18 23:02:55.460977,5:50:05.112935,"22 days, 13:42:08.299099"
2021-06-19 10:17:55.356098,2021-06-19 10:38:44.137348,0:20:48.781250,"22 days, 14:02:57.080349"
2021-06-19 10:38:44.215474,2021-06-19 11:18:27.824847,0:39:43.609373,"22 days, 14:42:40.689722"
2021-06-19 14:08:11.871722,2021-06-19 14:08:14.809223,0:00:02.937501,"22 days, 14:42:43.627223"
2021-06-19 20:06:41.262209,2021-06-19 22:04:39.887211,1:57:58.625002,"22 days, 16:40:42.252225"
2021-06-20 20:41:34.253313,2021-06-20 20:41:36.550189,0:00:02.296876,"22 days, 16:40:44.549101"
2021-06-21 19:12:05.203795,2021-06-21 20:50:41.781921,1:38:36.578126,"22 days, 18:19:21.127227"
2021-06-22 19:15:07.168536,2021-06-22 22:09:29.871660,2:54:22.703124,"22 days, 21:13:43.830351"
2021-06-23 15:10:09.507623,2021-06-23 15:27:57.273234,0:17:47.765611,"22 days, 21:31:31.595962"
2021-06-23 15:28:07.851360,2021-06-23 15:28:19.554484,0:00:11.703124,"22 days, 21:31:43.299086"
2021-06-23 15:28:22.366985,2021-06-23 19:23:07.985748,3:54:45.618763,"23 days, 1:26:28.917849"
2021-06-23 19:28:53.657623,2021-06-23 21:58:27.595125,2:29:33.937502,"23 days, 3:56:02.855351"
2021-06-25 11:41:36.965669,2021-06-25 13:20:01.559421,1:38:24.593752,"23 days, 5:34:27.449103"
2021-06-25 13:28:03.860736,2021-06-25 17:09:02.454484,3:40:58.593748,"23 days, 9:15:26.042851"
2021-06-26 00:08:01.423233,2021-06-26 03:24:06.185906,3:16:04.762673,"23 days, 12:31:30.805524"
2021-06-26 21:50:12.654658,2021-06-26 22:59:45.514033,1:09:32.859375,"23 days, 13:41:03.664899"
2021-06-29 18:26:04.606464,2021-06-29 18:46:40.590834,0:20:35.984370,"23 days, 14:01:39.649269"
2021-06-30 18:09:04.778558,2021-06-30 23:37:17.262932,5:28:12.484374,"23 days, 19:29:52.133643"
2021-07-01 10:18:30.046500,2021-07-01 11:34:04.843376,1:15:34.796876,"23 days, 20:45:26.930519"
2021-07-01 20:50:44.374626,2021-07-01 23:45:28.984001,2:54:44.609375,"23 days, 23:40:11.539894"
2021-07-05 22:05:06.229865,2021-07-05 22:57:09.995489,0:52:03.765624,"24 days, 0:32:15.305518"
2021-07-06 14:14:31.730716,2021-07-06 16:34:24.621334,2:19:52.890618,"24 days, 2:52:08.196136"
2021-07-06 14:14:31.730716,2021-07-06 16:35:29.387009,2:20:57.656293,"24 days, 5:13:05.852429"
2021-07-06 16:35:37.699508,2021-07-06 16:36:24.824509,0:00:47.125001,"24 days, 5:13:52.977430"
2021-07-06 16:35:37.699508,2021-07-06 16:36:42.168261,0:01:04.468753,"24 days, 5:14:57.446183"
2021-07-06 16:36:46.262009,2021-07-06 16:38:09.246387,0:01:22.984378,"24 days, 5:16:20.430561"
2021-07-06 16:36:46.262009,2021-07-06 16:38:28.449508,0:01:42.187499,"24 days, 5:18:02.618060"
2021-07-06 16:38:32.277634,2021-07-06 16:40:41.636950,0:02:09.359316,"24 days, 5:20:11.977376"
2021-07-06 16:40:59.449450,2021-07-06 17:50:20.402576,1:09:20.953126,"24 days, 6:29:32.930502"
2021-07-06 19:43:45.136950,2021-07-06 22:12:20.636951,2:28:35.500001,"24 days, 8:58:08.430503"
2021-07-07 14:35:36.694891,2021-07-07 15:52:06.007391,1:16:29.312500,"24 days, 10:14:37.743003"
2021-07-07 20:32:47.696552,2021-07-07 21:56:23.118471,1:23:35.421919,"24 days, 11:38:13.164922"
2021-07-08 19:26:20.926295,2021-07-08 19:52:22.379421,0:26:01.453126,"24 days, 12:04:14.618048"
2021-07-08 19:52:25.129420,2021-07-08 20:12:34.379421,0:20:09.250001,"24 days, 12:24:23.868049"
2021-07-09 08:16:46.575950,2021-07-09 08:16:48.138451,0:00:01.562501,"24 days, 12:24:25.430550"
2021-07-09 16:17:22.107147,2021-07-09 16:18:06.997770,0:00:44.890623,"24 days, 12:25:10.321173"
2021-07-09 16:26:26.388400,2021-07-09 22:22:10.051997,5:55:43.663597,"24 days, 18:20:53.984770"
2021-07-10 16:46:46.866034,2021-07-10 17:25:16.522283,0:38:29.656249,"24 days, 18:59:23.641019"
2021-07-10 17:36:41.850407,2021-07-10 18:36:06.866032,0:59:25.015625,"24 days, 19:58:48.656644"
2021-07-11 16:53:31.142904,2021-07-11 20:11:49.096029,3:18:17.953125,"24 days, 23:17:06.609769"
2021-07-12 15:40:11.648041,2021-07-12 20:28:57.773038,4:48:46.124997,"25 days, 4:05:52.734766"
2021-07-13 13:55:23.466775,2021-07-13 14:38:27.376423,0:43:03.909648,"25 days, 4:48:56.644414"
2021-07-13 17:31:18.907670,2021-07-13 18:13:32.017427,0:42:13.109757,"25 days, 5:31:09.754171"
2021-07-13 19:08:37.517428,2021-07-13 20:48:33.095741,1:39:55.578313,"25 days, 7:11:05.332484"
2021-07-14 14:05:57.868101,2021-07-14 14:07:40.336851,0:01:42.468750,"25 days, 7:12:47.801234"
2021-07-14 14:13:00.070946,2021-07-14 14:13:08.551354,0:00:08.480408,"25 days, 7:12:56.281642"
2021-07-14 14:53:09.301349,2021-07-14 21:03:02.113844,6:09:52.812495,"25 days, 13:22:49.094137"
2021-07-17 20:52:05.681673,2021-07-17 22:54:11.681672,2:02:05.999999,"25 days, 15:24:55.094136"
2021-07-18 18:08:35.349783,2021-07-18 22:16:26.016474,4:07:50.666691,"25 days, 19:32:45.760827"
2021-07-19 16:49:04.418044,2021-07-19 17:25:45.933649,0:36:41.515605,"25 days, 20:09:27.276432"
2021-07-20 14:12:30.433941,2021-07-20 20:47:08.433941,6:34:38,"26 days, 2:44:05.276432"
2021-07-22 15:09:00.768083,2021-07-22 15:09:03.564958,0:00:02.796875,"26 days, 2:44:08.073307"
2021-07-22 21:37:07.205614,2021-07-22 23:27:57.783735,1:50:50.578121,"26 days, 4:34:58.651428"
2021-07-25 17:12:22.452240,2021-07-25 20:57:09.374116,3:44:46.921876,"26 days, 8:19:45.573304"
2021-07-26 19:26:35.944718,2021-07-26 19:37:05.194768,0:10:29.250050,"26 days, 8:30:14.823354"
2021-07-26 19:41:25.991643,2021-07-26 22:16:53.444769,2:35:27.453126,"26 days, 11:05:42.276480"
2021-07-27 14:45:36.811746,2021-07-27 22:36:33.421920,7:50:56.610174,"26 days, 18:56:38.886654"
2021-07-28 15:58:46.808731,2021-07-28 22:45:27.887637,6:46:41.078906,"27 days, 1:43:19.965560"
2021-08-05 15:13:09.372316,2021-08-06 01:44:34.606689,10:31:25.234373,"27 days, 12:14:45.199933"
2021-08-06 16:06:57.883833,2021-08-06 16:06:59.524455,0:00:01.640622,"27 days, 12:14:46.840555"
2021-08-06 16:21:46.274455,2021-08-06 16:22:18.665080,0:00:32.390625,"27 days, 12:15:19.231180"
2021-08-06 16:22:20.133829,2021-08-06 16:23:43.336954,0:01:23.203125,"27 days, 12:16:42.434305"
2021-08-06 16:23:55.102581,2021-08-06 16:25:14.930705,0:01:19.828124,"27 days, 12:18:02.262429"
2021-08-06 16:25:26.368204,2021-08-06 16:25:58.086955,0:00:31.718751,"27 days, 12:18:33.981180"
2021-08-06 16:25:59.086955,2021-08-06 16:33:16.274455,0:07:17.187500,"27 days, 12:25:51.168680"
2021-08-06 16:33:17.368205,2021-08-06 16:37:10.071330,0:03:52.703125,"27 days, 12:29:43.871805"
2021-08-06 16:37:10.196332,2021-08-06 16:37:19.743204,0:00:09.546872,"27 days, 12:29:53.418677"
2021-08-06 16:37:20.493204,2021-08-06 16:37:23.680708,0:00:03.187504,"27 days, 12:29:56.606181"
2021-08-06 16:38:00.430705,2021-08-06 16:38:14.102580,0:00:13.671875,"27 days, 12:30:10.278056"
2021-08-06 16:38:14.305706,2021-08-06 16:38:24.899455,0:00:10.593749,"27 days, 12:30:20.871805"
2021-08-06 16:39:16.555704,2021-08-06 16:39:26.211954,0:00:09.656250,"27 days, 12:30:30.528055"
2021-08-06 16:40:35.555704,2021-08-06 16:40:51.961955,0:00:16.406251,"27 days, 12:30:46.934306"
2021-08-06 16:43:27.086957,2021-08-06 20:55:31.493205,4:12:04.406248,"27 days, 16:42:51.340554"
2021-08-07 16:20:57.743186,2021-08-07 18:49:26.743186,2:28:29,"27 days, 19:11:20.340554"
2021-08-07 20:17:05.633811,2021-08-07 22:44:30.727563,2:27:25.093752,"27 days, 21:38:45.434306"
2021-08-08 17:32:03.823058,2021-08-09 00:14:22.948061,6:42:19.125003,"28 days, 4:21:04.559309"
2021-08-09 00:14:24.198058,2021-08-09 00:14:44.619933,0:00:20.421875,"28 days, 4:21:24.981184"
2021-08-09 00:15:07.088682,2021-08-09 00:58:08.010559,0:43:00.921877,"28 days, 5:04:25.903061"
2021-08-09 00:58:09.291811,2021-08-09 00:58:31.104308,0:00:21.812497,"28 days, 5:04:47.715558"
2021-08-09 00:58:37.073058,2021-08-09 00:59:04.916808,0:00:27.843750,"28 days, 5:05:15.559308"
2021-08-09 00:59:19.901185,2021-08-09 01:03:30.526185,0:04:10.625000,"28 days, 5:09:26.184308"
2021-08-09 11:10:35.012121,2021-08-09 11:10:40.043369,0:00:05.031248,"28 days, 5:09:31.215556"
2021-08-09 12:57:38.102134,2021-08-10 00:43:19.586509,11:45:41.484375,"28 days, 16:55:12.699931"
2021-08-10 10:36:16.665336,2021-08-10 22:28:28.024715,11:52:11.359379,"29 days, 4:47:24.059310"
2021-08-11 11:15:18.060040,2021-08-11 19:03:07.091290,7:47:49.031250,"29 days, 12:35:13.090560"
2021-08-11 19:03:06.966289,2021-08-11 20:12:19.981916,1:09:13.015627,"29 days, 13:44:26.106187"
2021-08-11 20:12:19.950665,2021-08-12 00:27:23.700665,4:15:03.750000,"29 days, 17:59:29.856187"
2021-08-12 11:38:40.123832,2021-08-12 13:17:50.467581,1:39:10.343749,"29 days, 19:38:40.199936"
2021-08-12 13:41:03.873830,2021-08-12 16:44:29.608205,3:03:25.734375,"29 days, 22:42:05.934311"
2021-08-12 16:51:54.561332,2021-08-12 18:07:19.139454,1:15:24.578122,"29 days, 23:57:30.512433"
2021-08-13 20:55:50.884280,2021-08-13 22:15:51.274907,1:20:00.390627,"30 days, 1:17:30.903060"
2021-08-17 22:24:06.462868,2021-08-17 23:28:44.650368,1:04:38.187500,"30 days, 2:22:09.090560"
2021-08-17 23:30:58.931620,2021-08-17 23:38:24.525368,0:07:25.593748,"30 days, 2:29:34.684308"
2021-08-18 17:46:15.035439,2021-08-18 21:22:48.332312,3:36:33.296873,"30 days, 6:06:07.981181"
2021-08-19 13:41:58.470198,2021-08-19 20:43:07.876446,7:01:09.406248,"30 days, 13:07:17.387429"
2021-08-20 17:53:49.727830,2021-08-20 22:02:30.915330,4:08:41.187500,"30 days, 17:15:58.574929"
2021-08-21 10:42:59.024696,2021-08-21 13:44:57.634073,3:01:58.609377,"30 days, 20:17:57.184306"
2021-08-21 17:03:11.009070,2021-08-21 17:03:21.493447,0:00:10.484377,"30 days, 20:18:07.668683"
2021-08-21 17:03:24.118447,2021-08-21 17:03:42.180954,0:00:18.062507,"30 days, 20:18:25.731190"
2021-08-21 17:03:42.149695,2021-08-21 17:03:56.774695,0:00:14.625000,"30 days, 20:18:40.356190"
2021-08-21 17:04:03.321573,2021-08-21 17:04:14.430945,0:00:11.109372,"30 days, 20:18:51.465562"
2021-08-21 17:04:21.977820,2021-08-21 17:04:50.962196,0:00:28.984376,"30 days, 20:19:20.449938"
2021-08-21 17:04:52.227820,2021-08-21 17:13:11.321570,0:08:19.093750,"30 days, 20:27:39.543688"
2021-08-21 17:17:57.290320,2021-08-21 22:07:18.180945,4:49:20.890625,"31 days, 1:17:00.434313"
2021-08-22 00:32:30.180947,2021-08-22 01:03:11.384069,0:30:41.203122,"31 days, 1:47:41.637435"
2021-08-22 17:35:55.179239,2021-08-22 18:52:28.866740,1:16:33.687501,"31 days, 3:04:15.324936"
2021-08-23 13:46:44.685363,2021-08-23 20:44:01.497864,6:57:16.812501,"31 days, 10:01:32.137437"
2021-08-24 13:28:51.634787,2021-08-24 23:27:51.197288,9:58:59.562501,"31 days, 20:00:31.699938"
2021-08-25 11:42:02.648254,2021-08-25 12:32:30.117003,0:50:27.468749,"31 days, 20:50:59.168687"
2021-08-25 12:43:12.398255,2021-08-25 14:28:24.960752,1:45:12.562497,"31 days, 22:36:11.731184"
2021-08-25 17:41:56.960752,2021-08-25 21:11:34.971052,3:29:38.010300,"32 days, 2:05:49.741484"
2021-08-25 21:11:40.267927,2021-08-25 21:13:16.986679,0:01:36.718752,"32 days, 2:07:26.460236"
2021-08-26 00:26:52.814801,2021-08-26 01:22:45.908552,0:55:53.093751,"32 days, 3:03:19.553987"
2021-08-26 16:48:20.156205,2021-08-26 17:51:06.312456,1:02:46.156251,"32 days, 4:06:05.710238"
2021-08-26 17:51:07.921833,2021-08-26 18:42:01.963304,0:50:54.041471,"32 days, 4:56:59.751709"
2021-08-26 18:42:04.019911,2021-08-26 23:03:19.498026,4:21:15.478115,"32 days, 9:18:15.229824"
2021-08-27 11:19:32.028107,2021-08-27 11:19:44.121856,0:00:12.093749,"32 days, 9:18:27.323573"
2021-08-27 11:19:44.278115,2021-08-27 11:20:43.434356,0:00:59.156241,"32 days, 9:19:26.479814"
2021-08-27 11:20:48.371857,2021-08-27 11:20:53.653109,0:00:05.281252,"32 days, 9:19:31.761066"
2021-08-27 11:21:01.153106,2021-08-27 11:22:04.356232,0:01:03.203126,"32 days, 9:20:34.964192"
2021-08-27 11:22:07.481235,2021-08-27 11:22:39.965606,0:00:32.484371,"32 days, 9:21:07.448563"
2021-08-27 11:22:43.059362,2021-08-27 11:23:53.522600,0:01:10.463238,"32 days, 9:22:17.911801"
2021-08-27 11:23:56.256976,2021-08-27 11:23:59.116349,0:00:02.859373,"32 days, 9:22:20.771174"
2021-08-27 11:24:01.944474,2021-08-27 11:24:04.585099,0:00:02.640625,"32 days, 9:22:23.411799"
2021-08-27 11:25:46.891263,2021-08-27 11:25:49.188137,0:00:02.296874,"32 days, 9:22:25.708673"
2021-08-27 11:26:25.441772,2021-08-27 11:26:27.129272,0:00:01.687500,"32 days, 9:22:27.396173"
2021-08-27 11:26:34.815415,2021-08-27 11:26:50.357940,0:00:15.542525,"32 days, 9:22:42.938698"
2021-08-27 11:27:07.986076,2021-08-27 11:27:12.147290,0:00:04.161214,"32 days, 9:22:47.099912"
2021-08-27 11:27:22.591381,2021-08-27 11:27:31.439337,0:00:08.847956,"32 days, 9:22:55.947868"
2021-08-27 11:27:43.265392,2021-08-27 11:29:28.593655,0:01:45.328263,"32 days, 9:24:41.276131"
2021-08-27 11:29:38.256705,2021-08-27 11:29:52.059317,0:00:13.802612,"32 days, 9:24:55.078743"
