2021-03-13 21:55:18.916061,2021-03-14 03:31:02.557964,5:35:43.641903,5:35:43.641903
2021-03-14 17:03:34.862615,2021-03-15 02:32:12.849434,9:28:37.986819,15:04:21.628722
2021-03-15 20:36:07.138542,2021-03-16 01:05:14.499065,4:29:07.360523,19:33:28.989245
2021-03-16 01:05:16.462889,2021-03-16 02:26:32.588366,1:21:16.125477,20:54:45.114722
2021-03-16 13:56:33.938461,2021-03-16 15:27:20.544937,1:30:46.606476,22:25:31.721198
2021-03-16 17:24:48.188570,2021-03-16 17:26:38.915623,0:01:50.727053,22:27:22.448251
2021-03-16 17:28:44.995822,2021-03-16 17:44:28.853528,0:15:43.857706,22:43:06.305957
2021-03-16 17:44:30.378914,2021-03-16 18:18:36.022284,0:34:05.643370,23:17:11.949327
2021-03-16 18:18:48.046207,2021-03-16 19:01:28.318128,0:42:40.271921,23:59:52.221248
2021-03-16 19:17:55.617088,2021-03-17 02:25:20.947659,7:07:25.330571,"1 day, 7:07:17.551819"
