2021-03-14 17:07:19.303598,2021-03-14 17:07:21.509602,0:00:02.206004,0:00:02.206004
2021-03-14 17:21:40.453171,2021-03-15 02:32:13.452982,9:10:32.999811,9:10:35.205815
2021-03-15 11:16:33.202512,2021-03-15 12:25:46.987267,1:09:13.784755,10:19:48.990570
2021-03-16 12:48:24.308263,2021-03-16 16:59:03.577018,4:10:39.268755,14:30:28.259325
2021-03-16 16:59:03.583024,2021-03-16 17:05:38.055551,0:06:34.472527,14:37:02.731852
2021-03-16 17:05:38.065561,2021-03-16 22:25:48.681528,5:20:10.615967,19:57:13.347819
2021-03-16 23:38:46.721830,2021-03-17 00:36:38.980231,0:57:52.258401,20:55:05.606220
2021-03-17 00:36:40.100249,2021-03-17 02:24:56.913826,1:48:16.813577,22:43:22.419797
2021-03-17 02:24:58.256045,2021-03-17 02:25:20.370135,0:00:22.114090,22:43:44.533887
2021-03-17 16:30:51.565092,2021-03-17 22:33:13.118717,6:02:21.553625,"1 day, 4:46:06.087512"
2021-03-18 15:04:20.908785,2021-03-18 15:46:26.596287,0:42:05.687502,"1 day, 5:28:11.775014"
2021-03-18 15:46:27.440038,2021-03-19 00:37:39.044712,8:51:11.604674,"1 day, 14:19:23.379688"
2021-03-19 14:04:53.484667,2021-03-19 14:05:07.469042,0:00:13.984375,"1 day, 14:19:37.364063"
2021-03-19 14:05:10.219041,2021-03-19 18:04:29.875292,3:59:19.656251,"1 day, 18:18:57.020314"
2021-03-19 18:04:37.390918,2021-03-19 18:19:24.922167,0:14:47.531249,"1 day, 18:33:44.551563"
2021-03-19 18:25:06.765917,2021-03-20 02:30:40.309548,8:05:33.543631,"2 days, 2:39:18.095194"
2021-03-20 14:56:27.075170,2021-03-20 17:38:17.012670,2:41:49.937500,"2 days, 5:21:08.032694"
2021-03-21 12:17:40.249089,2021-03-21 12:36:18.733466,0:18:38.484377,"2 days, 5:39:46.517071"
2021-03-21 14:37:29.202218,2021-03-21 14:37:31.514714,0:00:02.312496,"2 days, 5:39:48.829567"
2021-03-21 14:37:31.514714,2021-03-21 15:01:58.327215,0:24:26.812501,"2 days, 6:04:15.642068"
2021-03-21 16:01:08.452215,2021-03-21 16:02:50.217842,0:01:41.765627,"2 days, 6:05:57.407695"
2021-03-21 23:03:05.608466,2021-03-22 02:45:57.620628,3:42:52.012162,"2 days, 9:48:49.419857"
2021-03-22 02:45:58.480003,2021-03-22 03:47:47.026877,1:01:48.546874,"2 days, 10:50:37.966731"
2021-03-22 15:49:12.944417,2021-03-22 15:55:04.694415,0:05:51.749998,"2 days, 10:56:29.716729"
2021-03-22 15:55:43.085040,2021-03-22 20:37:22.607457,4:41:39.522417,"2 days, 15:38:09.239146"
2021-03-22 20:37:26.310583,2021-03-22 21:33:54.544959,0:56:28.234376,"2 days, 16:34:37.473522"
2021-03-22 21:33:55.091832,2021-03-23 00:06:18.917257,2:32:23.825425,"2 days, 19:07:01.298947"
2021-03-23 00:06:19.464132,2021-03-23 02:17:13.667263,2:10:54.203131,"2 days, 21:17:55.502078"
2021-03-23 21:41:17.841958,2021-03-24 01:31:17.295088,3:49:59.453130,"3 days, 1:07:54.955208"
2021-03-24 01:31:18.966961,2021-03-24 04:18:53.091957,2:47:34.124996,"3 days, 3:55:29.080204"
2021-03-28 16:27:22.638212,2021-03-28 16:27:48.312047,0:00:25.673835,"3 days, 3:55:54.754039"
2021-03-28 16:27:49.296422,2021-03-28 18:25:11.751439,1:57:22.455017,"3 days, 5:53:17.209056"
2021-03-28 18:25:11.751439,2021-03-28 19:28:46.003704,1:03:34.252265,"3 days, 6:56:51.461321"
2021-03-28 19:28:46.003704,2021-03-28 19:29:14.050591,0:00:28.046887,"3 days, 6:57:19.508208"
2021-03-28 19:29:14.050591,2021-03-28 19:56:25.160303,0:27:11.109712,"3 days, 7:24:30.617920"
2021-03-28 19:56:28.629053,2021-03-28 20:20:51.019971,0:24:22.390918,"3 days, 7:48:53.008838"
2021-03-28 22:18:26.973208,2021-03-28 23:53:32.848211,1:35:05.875003,"3 days, 9:23:58.883841"
2021-03-29 18:56:42.022868,2021-03-29 20:29:19.534035,1:32:37.511167,"3 days, 10:56:36.395008"
2021-03-29 20:29:20.284167,2021-03-29 20:29:21.049923,0:00:00.765756,"3 days, 10:56:37.160764"
2021-03-29 20:29:22.096981,2021-03-29 23:44:55.066868,3:15:32.969887,"3 days, 14:12:10.130651"
2021-03-29 23:44:55.629371,2021-03-29 23:47:51.629915,0:02:56.000544,"3 days, 14:15:06.131195"
2021-03-30 17:05:16.804044,2021-03-30 18:32:54.647704,1:27:37.843660,"3 days, 15:42:43.974855"
2021-03-30 18:32:55.178959,2021-03-30 23:53:08.426202,5:20:13.247243,"3 days, 21:02:57.222098"
2021-04-01 21:01:21.465638,2021-04-01 21:06:46.148057,0:05:24.682419,"3 days, 21:08:21.904517"
2021-04-01 21:06:46.976249,2021-04-02 04:02:54.581852,6:56:07.605603,"4 days, 4:04:29.510120"
2021-04-03 19:20:55.676581,2021-04-03 19:21:07.786504,0:00:12.109923,"4 days, 4:04:41.620043"
2021-04-03 19:21:10.552255,2021-04-03 19:47:20.357742,0:26:09.805487,"4 days, 4:30:51.425530"
2021-04-05 20:03:07.528691,2021-04-05 21:51:17.052262,1:48:09.523571,"4 days, 6:19:00.949101"
2021-04-05 21:51:17.692889,2021-04-05 22:40:29.562447,0:49:11.869558,"4 days, 7:08:12.818659"
2021-04-05 22:41:18.640963,2021-04-06 01:45:32.239688,3:04:13.598725,"4 days, 10:12:26.417384"
2021-04-06 01:49:11.531049,2021-04-06 01:49:56.345613,0:00:44.814564,"4 days, 10:13:11.231948"
2021-04-06 17:45:07.900802,2021-04-06 17:52:47.966337,0:07:40.065535,"4 days, 10:20:51.297483"
2021-04-06 17:52:50.075725,2021-04-06 22:33:07.464064,4:40:17.388339,"4 days, 15:01:08.685822"
2021-04-07 20:05:53.369246,2021-04-07 20:15:48.014623,0:09:54.645377,"4 days, 15:11:03.331199"
2021-04-07 20:41:03.042367,2021-04-07 20:45:05.575386,0:04:02.533019,"4 days, 15:15:05.864218"
2021-04-07 20:45:05.637888,2021-04-08 02:45:23.368909,6:00:17.731021,"4 days, 21:15:23.595239"
2021-04-08 10:56:39.116059,2021-04-08 15:24:20.489531,4:27:41.373472,"5 days, 1:43:04.968711"
2021-04-08 21:08:09.679160,2021-04-08 22:37:41.767900,1:29:32.088740,"5 days, 3:12:37.057451"
2021-04-09 19:10:31.567088,2021-04-10 00:57:40.218356,5:47:08.651268,"5 days, 8:59:45.708719"
2021-04-10 00:57:40.983989,2021-04-10 01:13:30.775212,0:15:49.791223,"5 days, 9:15:35.499942"
2021-04-10 17:18:09.142119,2021-04-10 17:18:16.032869,0:00:06.890750,"5 days, 9:15:42.390692"
2021-04-10 17:18:17.595397,2021-04-11 05:29:19.494051,12:11:01.898654,"5 days, 21:26:44.289346"
2021-04-11 21:04:42.961587,2021-04-11 22:50:10.041977,1:45:27.080390,"5 days, 23:12:11.369736"
2021-04-11 22:50:13.651389,2021-04-12 02:37:46.973884,3:47:33.322495,"6 days, 2:59:44.692231"
2021-04-12 12:02:18.469226,2021-04-12 18:44:53.201351,6:42:34.732125,"6 days, 9:42:19.424356"
2021-04-12 18:44:54.029487,2021-04-13 00:24:36.483095,5:39:42.453608,"6 days, 15:22:01.877964"
2021-04-13 10:32:23.701418,2021-04-13 12:11:16.542746,1:38:52.841328,"6 days, 17:00:54.719292"
2021-04-13 15:41:16.695271,2021-04-13 21:52:48.184076,6:11:31.488805,"6 days, 23:12:26.208097"
2021-04-13 21:52:48.215329,2021-04-13 22:10:33.676974,0:17:45.461645,"6 days, 23:30:11.669742"
2021-04-14 13:17:35.501601,2021-04-14 15:18:39.239079,2:01:03.737478,"7 days, 1:31:15.407220"
2021-04-15 10:21:53.010354,2021-04-15 11:02:29.638223,0:40:36.627869,"7 days, 2:11:52.035089"
2021-04-15 11:02:30.247607,2021-04-15 20:08:52.517220,9:06:22.269613,"7 days, 11:18:14.304702"
2021-04-15 20:08:53.501603,2021-04-15 21:31:00.966793,1:22:07.465190,"7 days, 12:40:21.769892"
2021-04-15 21:31:02.013749,2021-04-15 21:31:03.451359,0:00:01.437610,"7 days, 12:40:23.207502"
2021-04-15 22:49:22.518316,2021-04-16 01:58:50.396629,3:09:27.878313,"7 days, 15:49:51.085815"
2021-04-16 21:15:16.953138,2021-04-16 21:23:12.630106,0:07:55.676968,"7 days, 15:57:46.762783"
2021-04-16 21:23:14.114497,2021-04-17 01:41:25.499004,4:18:11.384507,"7 days, 20:15:58.147290"
2021-04-17 01:41:55.594147,2021-04-17 03:09:22.552326,1:27:26.958179,"7 days, 21:43:25.105469"
2021-04-17 19:58:40.398597,2021-04-17 19:59:53.683234,0:01:13.284637,"7 days, 21:44:38.390106"
2021-04-17 20:00:00.761685,2021-04-17 21:04:09.126033,1:04:08.364348,"7 days, 22:48:46.754454"
2021-04-17 21:04:09.063530,2021-04-18 03:07:52.697944,6:03:43.634414,"8 days, 4:52:30.388868"
2021-04-18 03:07:52.760448,2021-04-18 04:22:34.315393,1:14:41.554945,"8 days, 6:07:11.943813"
2021-04-18 17:24:17.928800,2021-04-18 22:37:22.194244,5:13:04.265444,"8 days, 11:20:16.209257"
2021-04-18 22:37:23.366209,2021-04-18 22:38:09.385375,0:00:46.019166,"8 days, 11:21:02.228423"
2021-04-18 22:38:09.354121,2021-04-19 01:46:40.848486,3:08:31.494365,"8 days, 14:29:33.722788"
2021-04-20 22:21:39.406795,2021-04-21 03:04:36.564846,4:42:57.158051,"8 days, 19:12:30.880839"
2021-04-21 12:17:30.455470,2021-04-21 18:52:37.846096,6:35:07.390626,"9 days, 1:47:38.271465"
2021-04-21 19:20:18.627346,2021-04-21 21:12:51.017972,1:52:32.390626,"9 days, 3:40:10.662091"
2021-04-21 21:12:51.049222,2021-04-21 21:33:55.424220,0:21:04.374998,"9 days, 4:01:15.037089"
2021-04-21 21:33:55.455472,2021-04-21 22:10:12.158596,0:36:16.703124,"9 days, 4:37:31.740213"
2021-04-21 22:10:12.189847,2021-04-21 22:11:37.080471,0:01:24.890624,"9 days, 4:38:56.630837"
2021-04-21 22:11:37.111721,2021-04-21 22:58:17.830470,0:46:40.718749,"9 days, 5:25:37.349586"
2021-04-21 23:37:23.096096,2021-04-22 02:04:00.705470,2:26:37.609374,"9 days, 7:52:14.958960"
2021-04-22 15:44:42.757669,2021-04-23 00:08:33.179544,8:23:50.421875,"9 days, 16:16:05.380835"
2021-04-23 11:05:50.509387,2021-04-23 11:06:23.587514,0:00:33.078127,"9 days, 16:16:38.458962"
2021-04-23 11:06:23.634387,2021-04-23 14:48:38.775012,3:42:15.140625,"9 days, 19:58:53.599587"
2021-04-23 21:10:19.259387,2021-04-24 00:18:10.915641,3:07:51.656254,"9 days, 23:06:45.255841"
2021-04-24 00:18:11.728138,2021-04-24 00:19:28.337519,0:01:16.609381,"9 days, 23:08:01.865222"
2021-04-24 23:34:51.322825,2021-04-25 03:05:05.147642,3:30:13.824817,"10 days, 2:38:15.690039"
2021-04-25 09:11:45.897643,2021-04-25 16:16:04.022869,7:04:18.125226,"10 days, 9:42:33.815265"
2021-04-27 15:34:14.811236,2021-04-27 16:02:43.545616,0:28:28.734380,"10 days, 10:11:02.549645"
2021-04-27 21:45:30.076861,2021-04-27 22:32:23.248737,0:46:53.171876,"10 days, 10:57:55.721521"
2021-04-27 22:32:23.217486,2021-04-27 22:42:20.061244,0:09:56.843758,"10 days, 11:07:52.565279"
2021-04-27 22:42:20.014361,2021-04-27 22:42:48.092486,0:00:28.078125,"10 days, 11:08:20.643404"
2021-04-27 22:42:48.139361,2021-04-27 23:29:02.451862,0:46:14.312501,"10 days, 11:54:34.955905"
2021-04-27 23:29:02.420612,2021-04-28 01:58:23.068523,2:29:20.647911,"10 days, 14:23:55.603816"
2021-04-28 01:58:23.834146,2021-04-28 02:09:12.787272,0:10:48.953126,"10 days, 14:34:44.556942"
2021-04-29 13:33:14.171281,2021-04-29 21:00:03.280656,7:26:49.109375,"10 days, 22:01:33.666317"
2021-04-30 13:04:03.621427,2021-04-30 19:12:17.981573,6:08:14.360146,"11 days, 4:09:48.026463"
2021-04-30 21:40:06.825323,2021-05-01 02:27:57.028448,4:47:50.203125,"11 days, 8:57:38.229588"
2021-05-02 11:15:26.711491,2021-05-02 16:16:02.331238,5:00:35.619747,"11 days, 13:58:13.849335"
2021-05-02 16:16:03.471867,2021-05-02 16:51:30.003113,0:35:26.531246,"11 days, 14:33:40.380581"
2021-05-04 11:07:40.754235,2021-05-04 12:13:43.707360,1:06:02.953125,"11 days, 15:39:43.333706"
2021-05-04 14:47:31.301110,2021-05-04 15:44:04.832361,0:56:33.531251,"11 days, 16:36:16.864957"
2021-05-04 15:44:04.847987,2021-05-04 17:14:52.629235,1:30:47.781248,"11 days, 18:07:04.646205"
2021-05-04 18:52:17.535485,2021-05-04 22:53:09.347987,4:00:51.812502,"11 days, 22:07:56.458707"
2021-05-05 20:26:05.273748,2021-05-05 23:27:02.523748,3:00:57.250000,"12 days, 1:08:53.708707"
2021-05-07 14:16:30.231554,2021-05-07 15:13:30.653431,0:57:00.421877,"12 days, 2:05:54.130584"
2021-05-07 19:13:01.544054,2021-05-07 23:43:21.747179,4:30:20.203125,"12 days, 6:36:14.333709"
2021-05-07 23:54:15.206718,2021-05-08 01:08:47.394219,1:14:32.187501,"12 days, 7:50:46.521210"
2021-05-08 01:27:29.128590,2021-05-08 01:29:07.144214,0:01:38.015624,"12 days, 7:52:24.536834"
2021-05-08 02:09:19.769215,2021-05-08 02:56:27.147972,0:47:07.378757,"12 days, 8:39:31.915591"
2021-05-08 03:10:30.694848,2021-05-08 03:46:47.147973,0:36:16.453125,"12 days, 9:15:48.368716"
2021-05-08 03:46:48.069852,2021-05-08 04:15:57.460479,0:29:09.390627,"12 days, 9:44:57.759343"
2021-05-08 14:38:34.116723,2021-05-08 18:11:07.538597,3:32:33.421874,"12 days, 13:17:31.181217"
2021-05-08 18:26:42.366723,2021-05-08 18:26:55.085476,0:00:12.718753,"12 days, 13:17:43.899970"
2021-05-08 19:31:28.897977,2021-05-08 22:12:09.460475,2:40:40.562498,"12 days, 15:58:24.462468"
2021-05-08 22:12:09.507357,2021-05-08 22:23:38.272973,0:11:28.765616,"12 days, 16:09:53.228084"
2021-05-08 22:23:43.101104,2021-05-09 00:45:21.560786,2:21:38.459682,"12 days, 18:31:31.687766"
2021-05-09 10:27:46.709849,2021-05-09 15:50:40.334851,5:22:53.625002,"12 days, 23:54:25.312768"
2021-05-09 15:50:41.131724,2021-05-09 15:50:54.256726,0:00:13.125002,"12 days, 23:54:38.437770"
2021-05-09 15:51:02.225475,2021-05-09 17:10:36.209849,1:19:33.984374,"13 days, 1:14:12.422144"
2021-05-09 21:46:00.959849,2021-05-10 00:46:10.678599,3:00:09.718750,"13 days, 4:14:22.140894"
2021-05-10 16:24:01.182237,2021-05-10 16:25:07.369742,0:01:06.187505,"13 days, 4:15:28.328399"
2021-05-10 16:25:07.432243,2021-05-10 16:26:28.682238,0:01:21.249995,"13 days, 4:16:49.578394"
2021-05-10 16:26:28.697870,2021-05-10 16:26:37.291612,0:00:08.593742,"13 days, 4:16:58.172136"
2021-05-10 16:26:37.307239,2021-05-10 23:10:44.666613,6:44:07.359374,"13 days, 11:01:05.531510"
2021-05-11 10:30:09.890427,2021-05-11 10:35:19.671676,0:05:09.781249,"13 days, 11:06:15.312759"
2021-05-11 11:44:19.421676,2021-05-11 14:58:48.859176,3:14:29.437500,"13 days, 14:20:44.750259"
2021-05-11 15:01:23.265426,2021-05-11 15:01:48.062300,0:00:24.796874,"13 days, 14:21:09.547133"
2021-05-11 15:50:22.656051,2021-05-11 15:52:53.640426,0:02:30.984375,"13 days, 14:23:40.531508"
2021-05-11 18:56:01.046676,2021-05-11 23:27:06.702926,4:31:05.656250,"13 days, 18:54:46.187758"
2021-05-12 18:51:57.184413,2021-05-12 19:04:09.043788,0:12:11.859375,"13 days, 19:06:58.047133"
2021-05-12 22:40:38.934416,2021-05-12 22:45:29.387538,0:04:50.453122,"13 days, 19:11:48.500255"
2021-05-12 22:45:29.418788,2021-05-13 02:34:56.371913,3:49:26.953125,"13 days, 23:01:15.453380"
2021-05-14 21:20:53.502700,2021-05-15 01:21:38.252700,4:00:44.750000,"14 days, 3:02:00.203380"
2021-05-15 15:45:52.736383,2021-05-15 20:53:50.408261,5:07:57.671878,"14 days, 8:09:57.875258"
2021-05-15 20:53:50.439510,2021-05-15 20:57:38.517634,0:03:48.078124,"14 days, 8:13:45.953382"
2021-05-15 23:05:31.611386,2021-05-16 01:02:52.752009,1:57:21.140623,"14 days, 10:11:07.094005"
2021-05-16 14:53:38.240102,2021-05-16 17:00:21.177609,2:06:42.937507,"14 days, 12:17:50.031512"
2021-05-16 17:00:22.630728,2021-05-16 17:00:24.661978,0:00:02.031250,"14 days, 12:17:52.062762"
2021-05-16 17:00:49.427608,2021-05-16 22:47:28.615103,5:46:39.187495,"14 days, 18:04:31.250257"
2021-05-18 19:31:57.271491,2021-05-18 19:38:52.349616,0:06:55.078125,"14 days, 18:11:26.328382"
2021-05-18 20:18:28.927742,2021-05-18 22:53:59.505866,2:35:30.578124,"14 days, 20:46:56.906506"
2021-05-19 17:11:43.766140,2021-05-19 17:15:26.094266,0:03:42.328126,"14 days, 20:50:39.234632"
2021-05-19 17:15:30.578641,2021-05-19 17:23:08.531766,0:07:37.953125,"14 days, 20:58:17.187757"
2021-05-19 18:22:35.172390,2021-05-19 23:16:40.453640,4:54:05.281250,"15 days, 1:52:22.469007"
2021-05-20 19:21:49.423576,2021-05-20 21:53:49.329826,2:31:59.906250,"15 days, 4:24:22.375257"
2021-05-20 21:53:49.392327,2021-05-20 23:20:28.111077,1:26:38.718750,"15 days, 5:51:01.094007"
2021-05-20 23:20:28.157951,2021-05-21 00:47:02.798577,1:26:34.640626,"15 days, 7:17:35.734633"
2021-05-21 22:12:09.882727,2021-05-22 01:57:17.854624,3:45:07.971897,"15 days, 11:02:43.706530"
2021-05-22 23:39:18.778654,2021-05-23 02:02:57.512931,2:23:38.734277,"15 days, 13:26:22.440807"
2021-05-23 15:01:43.960318,2021-05-24 01:47:59.663443,10:46:15.703125,"16 days, 0:12:38.143932"
2021-05-24 17:15:52.954214,2021-05-24 17:16:31.251094,0:00:38.296880,"16 days, 0:13:16.440812"
2021-05-24 19:57:55.094838,2021-05-24 20:39:53.422965,0:41:58.328127,"16 days, 0:55:14.768939"
2021-05-24 20:52:49.313588,2021-05-24 20:57:14.047964,0:04:24.734376,"16 days, 0:59:39.503315"
2021-05-24 21:08:35.172966,2021-05-24 21:10:57.797963,0:02:22.624997,"16 days, 1:02:02.128312"
2021-05-24 21:19:07.766714,2021-05-25 01:17:22.860466,3:58:15.093752,"16 days, 5:00:17.222064"
2021-05-25 17:55:54.824257,2021-05-25 18:21:34.136756,0:25:39.312499,"16 days, 5:25:56.534563"
2021-05-25 18:21:38.871132,2021-05-25 19:24:20.293008,1:02:41.421876,"16 days, 6:28:37.956439"
2021-05-25 19:24:20.339889,2021-05-25 22:18:12.574256,2:53:52.234367,"16 days, 9:22:30.190806"
2021-05-26 16:11:24.645850,2021-05-26 16:24:08.348976,0:12:43.703126,"16 days, 9:35:13.893932"
2021-05-26 16:24:08.864602,2021-05-26 16:24:10.473975,0:00:01.609373,"16 days, 9:35:15.503305"
2021-05-26 16:24:12.989601,2021-05-26 16:28:27.364602,0:04:14.375001,"16 days, 9:39:29.878306"
2021-05-26 16:28:27.317726,2021-05-26 22:15:43.817726,5:47:16.500000,"16 days, 15:26:46.378306"
2021-05-27 16:01:01.434033,2021-05-27 22:46:55.184034,6:45:53.750001,"16 days, 22:12:40.128307"
2021-05-28 20:41:21.628378,2021-05-28 22:12:22.409626,1:31:00.781248,"16 days, 23:43:40.909555"
2021-05-28 22:12:22.472131,2021-05-28 22:56:51.112753,0:44:28.640622,"17 days, 0:28:09.550177"
2021-05-28 22:56:54.237751,2021-05-29 00:35:25.003383,1:38:30.765632,"17 days, 2:06:40.315809"
2021-05-29 15:45:10.623549,2021-05-29 20:42:50.326674,4:57:39.703125,"17 days, 7:04:20.018934"
2021-05-29 20:42:50.357922,2021-05-29 23:32:41.525219,2:49:51.167297,"17 days, 9:54:11.186231"
2021-05-29 23:32:44.540844,2021-05-29 23:48:16.387031,0:15:31.846187,"17 days, 10:09:43.032418"
2021-05-29 23:48:19.590156,2021-05-29 23:48:26.449532,0:00:06.859376,"17 days, 10:09:49.891794"
2021-05-29 23:48:29.027656,2021-05-29 23:49:35.605782,0:01:06.578126,"17 days, 10:10:56.469920"
2021-05-29 23:49:38.418281,2021-05-29 23:50:06.933907,0:00:28.515626,"17 days, 10:11:24.985546"
2021-05-29 23:50:09.730781,2021-05-29 23:50:17.762031,0:00:08.031250,"17 days, 10:11:33.016796"
2021-05-29 23:50:19.996406,2021-05-30 00:29:22.387032,0:39:02.390626,"17 days, 10:50:35.407422"
2021-05-30 00:29:25.183908,2021-05-30 00:30:00.246406,0:00:35.062498,"17 days, 10:51:10.469920"
2021-05-30 00:30:01.262032,2021-05-30 00:30:50.933906,0:00:49.671874,"17 days, 10:52:00.141794"
2021-05-30 00:30:53.808907,2021-05-30 00:31:22.324532,0:00:28.515625,"17 days, 10:52:28.657419"
2021-05-30 00:31:25.230781,2021-05-30 00:33:22.715156,0:01:57.484375,"17 days, 10:54:26.141794"
2021-05-30 00:33:23.668283,2021-05-30 00:33:39.871406,0:00:16.203123,"17 days, 10:54:42.344917"
2021-05-30 00:33:42.105781,2021-05-30 00:35:49.340157,0:02:07.234376,"17 days, 10:56:49.579293"
2021-05-30 00:35:52.074531,2021-05-30 01:10:05.840157,0:34:13.765626,"17 days, 11:31:03.344919"
2021-05-30 13:46:48.495442,2021-05-30 18:20:31.334647,4:33:42.839205,"17 days, 16:04:46.184124"
2021-05-30 18:20:31.365898,2021-05-30 18:21:35.584647,0:01:04.218749,"17 days, 16:05:50.402873"
2021-05-30 18:21:35.694022,2021-05-30 18:49:50.115897,0:28:14.421875,"17 days, 16:34:04.824748"
2021-05-30 18:50:09.272147,2021-05-30 18:53:01.928400,0:02:52.656253,"17 days, 16:36:57.481001"
2021-05-30 19:02:11.365897,2021-05-30 22:09:48.615897,3:07:37.250000,"17 days, 19:44:34.731001"
2021-05-30 22:09:48.647148,2021-05-30 23:21:23.100272,1:11:34.453124,"17 days, 20:56:09.184125"
2021-05-30 23:21:26.444026,2021-05-30 23:22:12.037774,0:00:45.593748,"17 days, 20:56:54.777873"
2021-05-30 23:22:17.865900,2021-05-30 23:25:24.397146,0:03:06.531246,"17 days, 21:00:01.309119"
2021-05-30 23:25:27.959647,2021-05-30 23:28:20.569022,0:02:52.609375,"17 days, 21:02:53.918494"
2021-05-30 23:28:24.725272,2021-05-30 23:58:41.725272,0:30:17,"17 days, 21:33:10.918494"
2021-05-30 23:58:44.850272,2021-05-31 01:27:07.881525,1:28:23.031253,"17 days, 23:01:33.949747"
2021-05-31 18:28:08.900498,2021-05-31 22:49:18.931749,4:21:10.031251,"18 days, 3:22:43.980998"
2021-05-31 22:49:18.963000,2021-05-31 23:22:26.587999,0:33:07.624999,"18 days, 3:55:51.605997"
2021-05-31 23:22:30.197373,2021-06-01 02:39:37.480290,3:17:07.282917,"18 days, 7:12:58.888914"
2021-06-01 20:53:24.652164,2021-06-01 21:20:42.011540,0:27:17.359376,"18 days, 7:40:16.248290"
2021-06-01 21:36:14.980289,2021-06-01 22:44:59.308415,1:08:44.328126,"18 days, 8:49:00.576416"
2021-06-01 22:50:58.652164,2021-06-01 22:52:35.136539,0:01:36.484375,"18 days, 8:50:37.060791"
2021-06-01 22:57:59.933414,2021-06-01 23:45:30.074039,0:47:30.140625,"18 days, 9:38:07.201416"
2021-06-02 16:17:12.998305,2021-06-02 22:45:49.954543,6:28:36.956238,"18 days, 16:06:44.157654"
2021-06-02 22:45:54.267047,2021-06-02 23:29:17.376419,0:43:23.109372,"18 days, 16:50:07.267026"
2021-06-02 23:29:21.438919,2021-06-03 00:43:06.251419,1:13:44.812500,"18 days, 18:03:52.079526"
2021-06-03 00:43:30.360794,2021-06-03 00:56:06.813920,0:12:36.453126,"18 days, 18:16:28.532652"
2021-06-03 00:56:10.251421,2021-06-03 01:38:34.673295,0:42:24.421874,"18 days, 18:58:52.954526"
2021-06-03 20:59:08.486441,2021-06-04 00:14:08.923941,3:15:00.437500,"18 days, 22:13:53.392026"
2021-06-04 00:14:12.752066,2021-06-04 00:41:54.611440,0:27:41.859374,"18 days, 22:41:35.251400"
2021-06-04 22:22:10.873024,2021-06-04 23:28:47.154274,1:06:36.281250,"18 days, 23:48:11.532650"
2021-06-04 23:29:02.857400,2021-06-05 01:21:08.748024,1:52:05.890624,"19 days, 1:40:17.423274"
2021-06-06 19:25:41.940165,2021-06-07 01:56:00.268286,6:30:18.328121,"19 days, 8:10:35.751395"
2021-06-07 01:56:03.783910,2021-06-07 02:15:57.980658,0:19:54.196748,"19 days, 8:30:29.948143"
2021-06-07 15:46:17.842783,2021-06-07 17:33:41.061532,1:47:23.218749,"19 days, 10:17:53.166892"
2021-06-07 17:33:44.124033,2021-06-07 17:34:19.561532,0:00:35.437499,"19 days, 10:18:28.604391"
2021-06-07 17:34:22.889657,2021-06-07 18:07:54.920907,0:33:32.031250,"19 days, 10:52:00.635641"
2021-06-07 23:48:53.733407,2021-06-08 01:48:48.608407,1:59:54.875000,"19 days, 12:51:55.510641"
2021-06-08 17:26:43.408183,2021-06-08 19:29:22.408183,2:02:39,"19 days, 14:54:34.510641"
2021-06-08 19:29:59.455059,2021-06-08 20:07:16.642557,0:37:17.187498,"19 days, 15:31:51.698139"
2021-06-08 20:07:21.814432,2021-06-08 21:15:08.751933,1:07:46.937501,"19 days, 16:39:38.635640"
2021-06-08 21:15:12.658182,2021-06-08 21:32:09.080058,0:16:56.421876,"19 days, 16:56:35.057516"
2021-06-08 21:32:50.642557,2021-06-08 21:36:22.423807,0:03:31.781250,"19 days, 17:00:06.838766"
2021-06-08 21:41:06.830058,2021-06-08 22:58:00.486308,1:16:53.656250,"19 days, 18:17:00.495016"
2021-06-09 21:31:17.212381,2021-06-10 01:53:42.821754,4:22:25.609373,"19 days, 22:39:26.104389"
2021-06-11 20:41:29.350912,2021-06-11 20:52:34.632162,0:11:05.281250,"19 days, 22:50:31.385639"
2021-06-11 20:52:38.866537,2021-06-12 02:52:21.936925,5:59:43.070388,"20 days, 4:50:14.456027"
2021-06-12 17:18:12.702546,2021-06-12 18:00:11.796298,0:41:59.093752,"20 days, 5:32:13.549779"
2021-06-12 18:00:15.890048,2021-06-12 18:02:19.593171,0:02:03.703123,"20 days, 5:34:17.252902"
2021-06-12 18:02:24.030671,2021-06-12 18:02:46.155672,0:00:22.125001,"20 days, 5:34:39.377903"
2021-06-12 18:02:49.436922,2021-06-12 18:46:07.140046,0:43:17.703124,"20 days, 6:17:57.081027"
2021-06-12 18:46:10.546296,2021-06-12 18:46:23.061921,0:00:12.515625,"20 days, 6:18:09.596652"
2021-06-12 18:46:26.561921,2021-06-12 18:46:40.811921,0:00:14.250000,"20 days, 6:18:23.846652"
2021-06-12 18:46:44.186922,2021-06-12 19:20:56.624422,0:34:12.437500,"20 days, 6:52:36.284152"
2021-06-12 19:21:00.608799,2021-06-12 19:21:09.046297,0:00:08.437498,"20 days, 6:52:44.721650"
2021-06-12 19:21:13.061922,2021-06-12 19:21:25.030671,0:00:11.968749,"20 days, 6:52:56.690399"
2021-06-12 19:21:28.280675,2021-06-12 19:24:27.249424,0:02:58.968749,"20 days, 6:55:55.659148"
2021-06-12 19:24:28.015050,2021-06-12 19:24:57.030672,0:00:29.015622,"20 days, 6:56:24.674770"
2021-06-12 19:25:00.843171,2021-06-12 19:54:43.983799,0:29:43.140628,"20 days, 7:26:07.815398"
2021-06-13 00:13:20.827546,2021-06-13 02:22:54.420633,2:09:33.593087,"20 days, 9:35:41.408485"
2021-06-13 02:22:58.233134,2021-06-13 02:23:12.170633,0:00:13.937499,"20 days, 9:35:55.345984"
2021-06-13 02:23:15.248758,2021-06-13 03:00:30.905011,0:37:15.656253,"20 days, 10:13:11.002237"
2021-06-13 03:00:48.139383,2021-06-13 03:03:02.467508,0:02:14.328125,"20 days, 10:15:25.330362"
2021-06-13 03:03:05.858138,2021-06-13 03:03:11.233132,0:00:05.374994,"20 days, 10:15:30.705356"
2021-06-13 03:03:05.858138,2021-06-13 03:03:22.623760,0:00:16.765622,"20 days, 10:15:47.470978"
2021-06-13 03:03:25.764383,2021-06-13 03:12:19.905008,0:08:54.140625,"20 days, 10:24:41.611603"
2021-06-13 03:12:22.326884,2021-06-13 03:14:34.889382,0:02:12.562498,"20 days, 10:26:54.174101"
2021-06-13 03:14:35.389383,2021-06-13 03:54:58.795633,0:40:23.406250,"20 days, 11:07:17.580351"
2021-06-13 03:55:01.983135,2021-06-13 03:55:38.608134,0:00:36.624999,"20 days, 11:07:54.205350"
2021-06-13 03:55:41.030008,2021-06-13 03:55:45.373757,0:00:04.343749,"20 days, 11:07:58.549099"
2021-06-13 03:55:48.623761,2021-06-13 03:55:58.608135,0:00:09.984374,"20 days, 11:08:08.533473"
2021-06-13 03:55:59.436260,2021-06-13 03:56:03.264382,0:00:03.828122,"20 days, 11:08:12.361595"
2021-06-13 03:56:06.030009,2021-06-13 03:56:21.670634,0:00:15.640625,"20 days, 11:08:28.002220"
2021-06-13 04:09:23.545632,2021-06-13 04:20:52.139387,0:11:28.593755,"20 days, 11:19:56.595975"
2021-06-13 04:23:27.326883,2021-06-13 04:29:21.639383,0:05:54.312500,"20 days, 11:25:50.908475"
2021-06-13 17:34:26.998758,2021-06-13 20:07:59.186260,2:33:32.187502,"20 days, 13:59:23.095977"
2021-06-13 20:08:02.405007,2021-06-13 21:10:10.889382,1:02:08.484375,"20 days, 15:01:31.580352"
2021-06-13 21:10:13.748758,2021-06-13 21:10:33.045633,0:00:19.296875,"20 days, 15:01:50.877227"
2021-06-13 21:10:35.733150,2021-06-13 23:48:49.139382,2:38:13.406232,"20 days, 17:40:04.283459"
2021-06-13 23:48:52.873758,2021-06-13 23:49:05.670635,0:00:12.796877,"20 days, 17:40:17.080336"
2021-06-13 23:49:09.326883,2021-06-13 23:50:51.076882,0:01:41.749999,"20 days, 17:41:58.830335"
2021-06-13 23:50:55.108132,2021-06-13 23:51:32.342507,0:00:37.234375,"20 days, 17:42:36.064710"
2021-06-13 23:51:36.280007,2021-06-14 01:07:56.983133,1:16:20.703126,"20 days, 18:58:56.767836"
2021-06-14 16:54:53.894639,2021-06-14 19:45:52.116670,2:50:58.222031,"20 days, 21:49:54.989867"
2021-06-14 19:45:55.819795,2021-06-14 20:17:11.116670,0:31:15.296875,"20 days, 22:21:10.286742"
2021-06-14 20:48:03.085421,2021-06-14 20:48:46.913546,0:00:43.828125,"20 days, 22:21:54.114867"
2021-06-15 18:23:19.850829,2021-06-15 18:38:11.319579,0:14:51.468750,"20 days, 22:36:45.583617"
2021-06-15 18:38:11.335205,2021-06-15 19:16:26.132079,0:38:14.796874,"20 days, 23:15:00.380491"
2021-06-15 19:16:29.538332,2021-06-15 19:16:34.569579,0:00:05.031247,"20 days, 23:15:05.411738"
2021-06-15 19:16:37.835204,2021-06-15 19:16:44.975828,0:00:07.140624,"20 days, 23:15:12.552362"
2021-06-15 19:16:47.897705,2021-06-15 21:24:32.303954,2:07:44.406249,"21 days, 1:22:56.958611"
2021-06-15 21:24:35.288329,2021-06-15 21:36:52.007081,0:12:16.718752,"21 days, 1:35:13.677363"
2021-06-15 21:36:55.397705,2021-06-15 21:41:12.085203,0:04:16.687498,"21 days, 1:39:30.364861"
2021-06-15 21:41:15.007081,2021-06-15 22:23:55.413329,0:42:40.406248,"21 days, 2:22:10.771109"
2021-06-15 22:23:59.132078,2021-06-15 23:32:47.928954,1:08:48.796876,"21 days, 3:30:59.567985"
2021-06-15 23:32:50.897704,2021-06-16 00:16:38.335204,0:43:47.437500,"21 days, 4:14:47.005485"
2021-06-16 00:16:42.100830,2021-06-16 00:16:49.428957,0:00:07.328127,"21 days, 4:14:54.333612"
2021-06-16 00:16:51.928954,2021-06-16 00:54:29.303954,0:37:37.375000,"21 days, 4:52:31.708612"
2021-06-16 20:14:13.788917,2021-06-17 01:39:51.882667,5:25:38.093750,"21 days, 10:18:09.802362"
2021-06-17 15:24:36.090708,2021-06-17 16:31:41.903208,1:07:05.812500,"21 days, 11:25:15.614862"
2021-06-17 16:31:45.715708,2021-06-17 17:51:18.856333,1:19:33.140625,"21 days, 12:44:48.755487"
2021-06-17 17:51:22.590712,2021-06-17 18:23:59.559458,0:32:36.968746,"21 days, 13:17:25.724233"
2021-06-17 18:24:02.371960,2021-06-17 18:24:20.184459,0:00:17.812499,"21 days, 13:17:43.536732"
2021-06-17 18:24:21.184464,2021-06-17 19:03:50.965709,0:39:29.781245,"21 days, 13:57:13.317977"
2021-06-17 19:03:54.121957,2021-06-17 19:04:01.403208,0:00:07.281251,"21 days, 13:57:20.599228"
2021-06-17 19:04:04.262582,2021-06-17 19:04:11.543833,0:00:07.281251,"21 days, 13:57:27.880479"
2021-06-17 19:04:15.340707,2021-06-17 20:27:42.403208,1:23:27.062501,"21 days, 15:20:54.942980"
2021-06-17 21:17:04.700085,2021-06-17 22:21:02.168832,1:03:57.468747,"21 days, 16:24:52.411727"
2021-06-17 22:21:05.746959,2021-06-18 02:26:54.879289,4:05:49.132330,"21 days, 20:30:41.544057"
2021-06-18 17:12:50.348042,2021-06-18 20:15:05.429725,3:02:15.081683,"21 days, 23:32:56.625740"
2021-06-18 20:15:05.398474,2021-06-18 20:15:49.617227,0:00:44.218753,"21 days, 23:33:40.844493"
2021-06-18 20:15:49.648474,2021-06-18 20:16:11.367225,0:00:21.718751,"21 days, 23:34:02.563244"
2021-06-18 20:16:11.398477,2021-06-18 20:16:23.820353,0:00:12.421876,"21 days, 23:34:14.985120"
2021-06-18 20:16:23.835981,2021-06-19 01:00:12.351530,4:43:48.515549,"22 days, 4:18:03.500669"
2021-06-19 01:01:03.492156,2021-06-19 01:47:56.851530,0:46:53.359374,"22 days, 5:04:56.860043"
2021-06-19 20:34:37.418459,2021-06-20 00:54:52.043460,4:20:14.625001,"22 days, 9:25:11.485044"
2021-06-22 18:50:12.684162,2021-06-23 00:13:27.121661,5:23:14.437499,"22 days, 14:48:25.922543"
